City_ID,City,Lat,Lng,Max Temp,Humidity,Cloudiness,Wind Speed,Country,Date
0,porto velho,-8.7619,-63.9039,25.03,88,20,1.03,BR,1681349271
1,marathon,44.9,-89.7668,25.58,36,0,4.63,US,1681349469
2,kahului,20.8947,-156.47,28.01,58,40,9.26,US,1681349319
3,tiznit,29.5833,-9.5,20.12,28,0,1.11,MA,1681349348
4,cabo rojo,18.0866,-67.1457,26.9,79,91,0.45,PR,1681349470
5,robertsport,6.7533,-11.3686,26.68,84,6,3.04,LR,1681349470
6,port alfred,-33.5906,26.891,18.45,59,93,3.48,ZA,1681349302
7,matay,28.419,30.7792,13.86,40,0,1.53,EG,1681349470
8,montague,42.5356,-72.5351,18.5,52,5,1.51,US,1681349411
9,alindao,5.0267,21.2088,21.4,87,34,1.61,CF,1681349471
10,henties bay,-22.116,14.2845,14.85,86,0,1.9,NA,1681349388
11,beya,53.0533,90.9139,0.07,44,100,2.02,RU,1681349471
12,bredasdorp,-34.5322,20.0403,12.84,79,100,2.51,ZA,1681349297
13,baruun-urt,46.6806,113.2792,6.4,22,6,4.97,MN,1681349472
14,lavrentiya,65.5833,-171.0,-12.71,73,66,1.89,RU,1681349472
15,lander,42.833,-108.7307,16.45,21,0,1.54,US,1681349472
16,saint-georges,12.0564,-61.7485,25.82,78,20,5.66,GD,1681349472
17,safaga,26.7292,33.9365,18.16,36,0,2.04,EG,1681349472
18,wanning,18.8003,110.3967,24.77,88,100,3.11,CN,1681349347
19,yulara,-25.2406,130.9889,28.37,36,75,1.83,AU,1681349414
20,roald,62.5833,6.1333,8.08,49,72,6.17,NO,1681349449
21,richards bay,-28.783,32.0377,17.38,95,99,1.82,ZA,1681349447
22,tessalit,20.1986,1.0114,27.16,10,98,2.23,ML,1681349473
23,akureyri,65.6835,-18.0878,0.96,93,75,1.03,IS,1681349473
24,atuona,-9.8,-139.0333,27.03,68,100,3.58,PF,1681349309
25,kapaa,22.0752,-159.319,27.99,79,75,7.72,US,1681349326
26,capao da canoa,-29.7456,-50.0097,22.54,81,6,0.91,BR,1681349350
27,rosario de mora,13.5753,-89.2089,24.75,98,99,2.05,SV,1681349473
28,kysyl-syr,63.8986,122.7617,-3.93,91,100,1.57,RU,1681349473
29,champerico,14.3,-91.9167,29.11,64,100,2.8,GT,1681349474
30,ushuaia,-54.8,-68.3,4.81,65,100,7.72,AR,1681349474
31,chifeng,42.2683,118.9636,13.6,16,69,5.88,CN,1681349474
32,provideniya,64.3833,-173.3,-13.94,56,0,3.13,RU,1681349315
33,tuktoyaktuk,69.4541,-133.0374,-19.0,71,40,7.2,CA,1681349324
34,busselton,-33.65,115.3333,20.45,66,50,10.05,AU,1681349318
35,datong,40.0936,113.2914,17.38,22,100,6.31,CN,1681349475
36,ekhabi,53.5102,142.9671,-1.25,96,100,9.7,RU,1681349475
37,jamestown,42.097,-79.2353,21.77,48,0,5.14,US,1681349303
38,punta arenas,-53.15,-70.9167,4.06,65,0,2.06,CL,1681349300
39,manokwari,-0.8667,134.0833,28.74,69,38,2.58,ID,1681349429
40,mataura,-46.1927,168.8643,11.38,77,95,3.74,NZ,1681349305
41,hasaki,35.7333,140.8333,17.94,33,0,3.09,JP,1681349377
42,hambantota,6.1241,81.1185,25.19,100,20,0.51,LK,1681349334
43,ucluelet,48.9329,-125.5528,9.17,77,54,2.24,CA,1681349419
44,palmeira das missoes,-27.8994,-53.3136,21.29,55,71,2.86,BR,1681349476
45,rawson,-43.3002,-65.1023,7.56,54,2,4.24,AR,1681349476
46,rikitea,-23.1203,-134.9692,25.34,69,67,4.82,PF,1681349476
47,zhigansk,66.7697,123.3711,-10.68,89,100,3.07,RU,1681349477
48,qasigiannguit,68.8193,-51.1922,-5.86,96,84,2.34,GL,1681349452
49,te anau,-45.4167,167.7167,12.63,83,98,1.85,NZ,1681349477
50,mbandaka,0.0487,18.2603,21.72,90,89,0.79,CD,1681349353
51,khandbari,27.3747,87.2039,24.51,21,0,0.05,NP,1681349478
52,ambilobe,-13.2,49.05,22.89,93,51,1.36,MG,1681349478
53,spearfish,44.4908,-103.8594,16.16,42,0,4.63,US,1681349478
54,hobart,-42.8794,147.3294,17.81,67,75,2.06,AU,1681349150
55,manyana,-23.4,21.7167,17.87,41,1,3.38,BW,1681349479
56,avera,33.194,-82.5271,16.62,41,27,1.46,US,1681349328
57,puerto ayora,-0.7393,-90.3518,28.08,86,43,1.34,EC,1681349324
58,namibe,-15.1961,12.1522,22.57,69,86,3.02,AO,1681349479
59,sambava,-14.2667,50.1667,23.06,91,20,1.56,MG,1681349480
60,georgetown,5.4112,100.3354,30.96,81,20,1.03,MY,1681349161
61,taoudenni,22.6783,-3.9836,24.93,10,78,3.49,ML,1681349480
62,port elizabeth,-33.918,25.5701,16.29,70,0,2.06,ZA,1681349325
63,bengkulu,-3.8004,102.2655,25.23,82,54,1.59,ID,1681349296
64,macheng,31.1783,115.0319,23.92,73,73,2.18,CN,1681349481
65,yumen,40.2833,97.2,9.57,24,100,4.73,CN,1681349481
66,qaanaaq,77.484,-69.3632,-18.02,67,0,1.02,GL,1681349301
67,carnarvon,-24.8667,113.6333,22.66,71,10,9.22,AU,1681349313
68,albany,42.6001,-73.9662,18.58,54,0,1.72,US,1681349076
69,thompson,55.7435,-97.8558,-0.91,86,75,2.06,CA,1681349196
70,lebu,-37.6167,-73.65,12.72,94,57,2.36,CL,1681349341
71,cidreira,-30.1811,-50.2056,23.27,79,11,3.12,BR,1681349297
72,tinskoy,56.1525,96.9161,0.23,51,69,5.1,RU,1681349482
73,hithadhoo,-0.6,73.0833,28.24,69,22,1.5,MV,1681349339
74,tasiilaq,65.6145,-37.6368,2.09,93,100,2.23,GL,1681349329
75,vesele,47.0148,34.915,8.55,93,100,4.94,UA,1681349482
76,bluff,-46.6,168.3333,11.56,77,79,9.17,NZ,1681349311
77,bethel,41.3712,-73.414,22.11,41,0,1.54,US,1681349298
78,marsh harbour,26.5412,-77.0636,22.96,85,100,10.52,BS,1681349370
79,dunedin,-45.8742,170.5036,12.67,87,100,2.68,NZ,1681349398
80,lorengau,-2.0226,147.2712,28.3,79,94,4.28,PG,1681349363
81,awjilah,29.1081,21.2869,14.81,38,0,1.67,LY,1681349483
82,roma,43.2128,-75.4557,16.95,63,0,0.0,US,1681349483
83,nelson bay,-32.7167,152.15,22.22,94,10,5.36,AU,1681349483
84,lashio,22.9333,97.75,28.36,16,0,0.47,MM,1681349484
85,xining,36.6167,101.7667,9.05,30,8,4.58,CN,1681349371
86,constitucion,-35.3333,-72.4167,11.94,94,72,1.71,CL,1681349332
87,inuvik,68.3499,-133.7218,-15.58,46,75,3.6,CA,1681349421
88,aksarka,66.5606,67.7975,-25.7,94,66,1.75,RU,1681349367
89,barrow,71.2906,-156.7887,-19.99,71,0,4.63,US,1681349300
90,tual,-5.6667,132.75,28.61,75,76,3.65,ID,1681349484
91,mar del plata,-38.0023,-57.5575,11.16,90,40,3.6,AR,1681349299
92,shellbrook,53.2168,-106.4011,6.57,74,26,3.2,CA,1681349464
93,yenagoa,4.9247,6.2642,24.78,93,12,1.42,NG,1681349485
94,tanout,14.9709,8.8879,22.52,13,28,5.26,NE,1681349485
95,kavieng,-2.5744,150.7967,28.07,73,98,3.55,PG,1681349339
96,karratha,-20.7377,116.8463,31.22,56,100,5.09,AU,1681349485
97,ilave,-16.0833,-69.6667,5.73,61,99,1.35,PE,1681349486
98,patacamaya,-17.2333,-67.9167,11.39,52,100,2.12,BO,1681349486
99,oktyabrskoye,43.0645,44.7417,12.08,81,100,4.0,RU,1681349486
100,rabo de peixe,37.8,-25.5833,14.73,82,75,2.57,PT,1681349486
101,mogadouro,41.3403,-6.7119,4.03,88,100,1.83,PT,1681349486
102,zemio,5.0314,25.1361,20.15,95,100,1.37,CF,1681349486
103,torbay,47.6666,-52.7314,1.27,94,100,5.14,CA,1681349322
104,viedma,-40.8135,-62.9967,9.79,55,41,6.1,AR,1681349236
105,jalu,29.0331,21.5482,14.56,38,0,1.71,LY,1681349441
106,ust-kut,56.7938,105.7672,-2.97,60,55,3.53,RU,1681349487
107,ilulissat,69.2167,-51.1,-5.99,100,100,0.0,GL,1681349336
108,latur,18.4,76.5833,30.91,25,94,1.93,IN,1681349487
109,carutapera,-1.195,-46.02,24.32,94,83,1.86,BR,1681349487
110,sao filipe,14.8961,-24.4956,22.38,78,62,3.74,CV,1681349432
111,qaqortoq,60.7167,-46.0333,-0.58,82,100,2.36,GL,1681349488
112,hun,29.1268,15.9477,16.84,16,0,2.85,LY,1681349488
113,kochkurovo,54.0358,45.4184,6.65,49,98,3.34,RU,1681349488
114,wairoa,-39.0333,177.3667,19.19,80,32,2.68,NZ,1681349488
115,buraydah,26.326,43.975,16.25,27,100,4.02,SA,1681349488
116,vabalninkas,55.9667,24.75,8.82,84,100,2.58,LT,1681349488
117,brae,60.3964,-1.353,5.42,84,54,6.01,GB,1681349425
118,guerrero negro,27.9769,-114.0611,15.5,75,100,8.31,MX,1681349301
119,speedway,39.8023,-86.2672,21.22,40,0,4.12,US,1681349489
120,worland,44.0169,-107.9554,18.64,33,0,3.09,US,1681349489
121,chuy,-33.6971,-53.4616,16.54,72,98,6.29,UY,1681349411
122,ixtapa,20.7,-105.2,24.57,69,40,4.12,MX,1681349489
123,vardo,70.3705,31.1107,-1.01,74,12,6.69,NO,1681349378
124,sobolevo,54.4299,31.8996,8.39,66,100,3.4,RU,1681349489
125,seoul,37.5683,126.9778,13.76,29,40,2.57,KR,1681349232
126,longyearbyen,78.2186,15.6401,-0.09,74,75,5.14,SJ,1681349333
127,yetkul,54.8221,61.588,5.49,57,2,3.02,RU,1681349490
128,mahebourg,-20.4081,57.7,24.03,94,20,3.09,MU,1681349375
129,cape town,-33.9258,18.4232,17.43,77,75,1.54,ZA,1681349224
130,parit buntar,5.1267,100.4932,30.99,78,15,0.9,MY,1681349490
131,los llanos de aridane,28.6585,-17.9182,16.86,77,20,4.12,ES,1681349490
132,jieshi,22.8134,115.8257,22.21,72,89,7.17,CN,1681349491
133,chimala,-8.85,34.0167,16.89,94,49,1.03,TZ,1681349491
134,kruisfontein,-34.0033,24.7314,11.05,72,8,2.92,ZA,1681349317
135,pula,44.8683,13.8481,12.31,66,75,4.12,HR,1681349491
136,chumikan,54.7183,135.315,-2.48,79,100,8.82,RU,1681349492
137,samarskoye,46.9336,39.6814,12.69,96,100,6.9,RU,1681349492
138,alice springs,-23.7,133.8833,24.75,36,100,5.66,AU,1681349179
139,bathsheba,13.2167,-59.5167,26.34,69,40,6.69,BB,1681349492
140,khanewal,30.3,71.9333,27.2,28,0,0.77,PK,1681349492
141,yellowknife,62.456,-114.3525,-1.71,69,75,3.09,CA,1681349304
142,fortuna,40.5982,-124.1573,10.19,70,6,4.02,US,1681349374
143,castro,-24.7911,-50.0119,15.91,87,3,1.46,BR,1681349314
144,panzhihua,26.5851,101.7128,24.45,22,0,0.36,CN,1681349493
145,ravar,31.2656,56.8055,22.07,27,97,8.18,IR,1681349493
146,erenhot,43.6475,111.9767,11.87,19,100,2.32,CN,1681349493
147,putten,52.25,5.6,7.13,92,100,0.45,NL,1681349493
148,saskylakh,71.9167,114.0833,-9.71,93,100,6.43,RU,1681349330
149,bambous virieux,-20.3428,57.7575,24.01,94,20,3.09,MU,1681349435
150,atlantic city,39.3643,-74.4229,24.1,37,0,3.09,US,1681349494
151,vaini,-21.2,-175.2,31.09,70,40,7.2,TO,1681349324
152,hilo,19.7297,-155.09,26.08,81,75,5.14,US,1681349248
153,nikolskoye,59.7035,30.7861,5.94,82,98,3.99,RU,1681349343
154,luena,-11.7833,19.9167,16.89,95,100,0.77,AO,1681349495
155,trairi,-3.2778,-39.2689,24.35,85,88,2.34,BR,1681349400
156,manakara,-22.1333,48.0167,22.04,92,100,1.11,MG,1681349495
157,yerofey pavlovich,53.9667,121.9667,-0.28,62,100,2.1,RU,1681349495
158,monroe,43.1501,-77.6831,20.01,46,0,7.2,US,1681349495
159,lata,40.1629,-8.3327,12.67,53,100,3.32,PT,1681349446
160,san patricio,28.017,-97.5169,21.92,67,3,4.27,US,1681349357
161,nouadhibou,20.931,-17.0347,18.99,94,75,5.14,MR,1681349496
162,vao,-22.6667,167.4833,25.22,74,100,1.27,NC,1681349370
163,port blair,11.6667,92.75,29.62,63,7,1.1,IN,1681349496
164,faya,18.3851,42.4509,14.29,67,34,2.72,SA,1681349344
165,zhanaozen,43.3,52.8,16.25,48,63,3.14,KZ,1681349496
166,kodiak,57.79,-152.4072,7.73,42,0,5.14,US,1681349341
167,sechura,-5.5569,-80.8222,27.71,71,92,5.57,PE,1681349465
168,jutai,-5.1833,-68.9,23.43,96,83,0.9,BR,1681349497
169,avarua,-21.2078,-159.775,28.03,65,20,3.09,CK,1681349497
170,saint-leu,-21.15,55.2833,24.48,92,3,1.8,RE,1681349497
171,sorland,67.667,12.6934,6.92,81,100,9.39,NO,1681349433
172,peleduy,59.6289,112.7406,-2.98,76,88,2.53,RU,1681349497
173,teya,60.3778,92.6267,-2.06,90,100,6.84,RU,1681349497
174,traverse city,44.7631,-85.6206,25.04,37,0,5.66,US,1681349413
175,lichuan,30.3,108.85,16.47,82,100,1.05,CN,1681349498
176,gonen,40.1049,27.654,9.45,49,30,2.43,TR,1681349498
177,verkhnyaya toyma,62.2349,44.9985,-7.99,86,95,4.05,RU,1681349498
178,urucara,-2.5364,-57.76,23.18,98,94,0.97,BR,1681349498
179,jiangyou,31.7667,104.7167,20.32,75,99,1.14,CN,1681349498
180,decatur,39.8403,-88.9548,21.03,37,0,4.63,US,1681349496
181,vestmannaeyjar,63.4427,-20.2734,6.01,66,21,3.53,IS,1681349457
182,amurzet,47.6967,131.0981,7.13,37,98,6.9,RU,1681349499
183,loukhi,66.0764,33.0381,-7.8,83,9,2.24,RU,1681349499
184,meulaboh,4.1363,96.1285,25.39,89,77,1.68,ID,1681349300
185,pevek,69.7008,170.3133,-18.17,85,98,1.44,RU,1681349317
186,butaritari,3.0707,172.7902,27.6,73,79,3.23,KI,1681349300
187,faanui,-16.4833,-151.75,28.09,70,19,4.07,PF,1681349324
188,zihuatanejo,17.6333,-101.55,29.05,61,20,4.63,MX,1681349231
189,petropavlovsk-kamchatskiy,53.0452,158.6483,0.33,69,75,7.0,RU,1681349500
190,padang,-0.9492,100.3543,25.03,71,100,0.3,ID,1681349500
191,acapulco,16.8634,-99.8901,28.9,65,20,4.12,MX,1681349206
192,new norfolk,-42.7826,147.0587,17.62,63,67,0.45,AU,1681349306
193,ahipara,-35.1667,173.1667,19.18,82,100,4.45,NZ,1681349442
194,chokurdakh,70.6333,147.9167,-15.13,90,10,2.51,RU,1681349305
195,chardara,41.2547,67.9692,16.85,65,100,4.08,KZ,1681349500
196,ozernovskiy,51.5,156.5167,1.37,84,100,9.04,RU,1681349501
197,karak,31.1667,35.75,6.62,84,72,9.29,JO,1681349501
198,kaitangata,-46.2817,169.8464,11.64,90,100,5.04,NZ,1681349501
199,hermanus,-34.4187,19.2345,13.22,68,100,2.82,ZA,1681349308
200,tarauaca,-8.1614,-70.7656,25.04,87,100,0.92,BR,1681349501
201,port macquarie,-31.4333,152.9167,22.16,63,65,7.02,AU,1681349501
202,bilibino,68.0546,166.4372,-15.71,79,65,1.18,RU,1681349501
203,lipari,38.4674,14.954,13.51,70,1,5.38,IT,1681349501
204,broken hill,-31.95,141.4333,18.49,45,0,6.21,AU,1681349495
205,dajal,29.5577,70.3762,29.43,21,0,1.46,PK,1681349502
206,talnakh,69.4865,88.3972,-24.93,94,100,2.86,RU,1681349351
207,sorong,-0.8833,131.25,28.71,77,94,4.37,ID,1681349502
208,sayyan,15.1718,44.3244,15.23,64,68,1.27,YE,1681349502
209,udachnyy,66.4167,112.4,-10.86,51,9,4.95,RU,1681349503
210,correntina,-13.3433,-44.6367,21.89,79,89,1.42,BR,1681349503
211,knysna,-34.0363,23.0471,14.17,70,100,1.78,ZA,1681349503
212,san quintin,30.4833,-115.95,14.21,78,93,6.55,MX,1681349465
213,lompoc,34.6391,-120.4579,14.88,76,20,9.77,US,1681349346
214,ancud,-41.8697,-73.8203,10.44,79,100,2.49,CL,1681349503
215,jerome,42.7241,-114.5186,8.46,44,0,10.29,US,1681349475
216,tilichiki,60.4667,166.1,-13.03,71,77,3.09,RU,1681349503
217,port lincoln,-34.7333,135.8667,17.23,58,4,2.42,AU,1681349431
218,leningradskiy,69.3833,178.4167,-16.44,88,91,2.68,RU,1681349504
219,verkhoyansk,67.5447,133.385,-12.38,79,89,0.52,RU,1681349504
220,princeton,25.5384,-80.4089,22.79,96,0,2.57,US,1681349276
221,vila franca do campo,37.7167,-25.4333,15.23,88,100,1.62,PT,1681349322
222,esperance,-33.8667,121.9,22.49,50,0,4.4,AU,1681349470
223,aklavik,68.2191,-135.0107,-16.22,72,100,3.51,CA,1681349436
224,guthrie,35.8789,-97.4253,23.97,33,0,4.63,US,1681349504
225,poum,-20.2333,164.0167,26.19,78,7,4.54,NC,1681349404
226,pisco,-13.7,-76.2167,24.03,78,0,8.23,PE,1681349319
227,luderitz,-26.6481,15.1594,14.45,68,57,4.34,NA,1681349382
228,canela,-29.3656,-50.8156,18.49,84,21,1.82,BR,1681349289
229,rock sound,24.9,-76.2,24.05,84,100,10.32,BS,1681349278
230,qui nhon,13.7667,109.2333,29.16,70,99,2.14,VN,1681349505
231,byron bay,-28.65,153.6167,25.95,35,0,6.34,AU,1681349125
232,ampanihy,-24.7,44.75,19.59,98,29,2.24,MG,1681349505
233,voiron,45.3639,5.5921,7.7,81,59,1.32,FR,1681349506
234,sonegaon,20.65,78.6833,33.81,22,90,1.59,IN,1681349506
235,taksimo,56.3444,114.8794,-0.1,63,87,0.95,RU,1681349506
236,khatanga,71.9667,102.5,-17.79,70,0,9.93,RU,1681349333
237,upernavik,72.7868,-56.1549,-11.9,91,96,2.21,GL,1681349331
238,makubetsu,45.3714,141.8211,7.84,53,75,10.8,JP,1681349506
239,lavello,41.0456,15.7908,8.62,89,5,3.11,IT,1681349506
240,dingle,10.9995,122.6711,31.78,54,9,2.77,PH,1681349442
241,saint-raphael,19.4333,-72.2,22.57,86,45,1.39,HT,1681349507
242,turan,16.0678,108.2208,26.99,89,75,1.03,VN,1681349507
243,hami,42.8,93.45,10.1,24,9,5.98,CN,1681349315
244,axim,4.8699,-2.2405,26.32,88,11,2.7,GH,1681349507
245,malindi,-3.2175,40.1191,26.55,76,36,1.62,KE,1681349507
246,rio grande,-32.035,-52.0986,20.44,91,99,5.61,BR,1681349306
247,vostok,46.4856,135.8833,0.78,71,100,6.23,RU,1681349507
248,asau,46.4333,26.4,5.71,91,100,1.71,RO,1681349508
249,barth,54.3635,12.7249,8.94,65,97,4.5,DE,1681349508
250,souillac,-20.5167,57.5167,23.21,94,20,3.09,MU,1681349338
251,flinders,-34.5833,150.8552,19.54,81,76,4.02,AU,1681349433
252,ankang,32.68,109.0172,23.37,48,5,0.36,CN,1681349508
253,portland,45.5234,-122.6762,10.99,69,82,2.68,US,1681349463
254,kizilskoye,52.7255,58.8937,5.56,61,94,0.82,RU,1681349508
255,shingu,33.7333,135.9833,17.6,41,2,1.94,JP,1681349366
256,ulagan,50.6321,87.9563,-5.58,68,82,1.48,RU,1681349509
257,clyde river,70.4692,-68.5914,-14.87,78,100,11.83,CA,1681349311
258,galveston,29.3669,-94.9669,20.0,79,6,3.8,US,1681349191
259,monzon,41.9108,0.1941,8.68,66,2,4.96,ES,1681349509
260,mecca,21.4267,39.8261,22.18,28,49,3.78,SA,1681349402
261,katsuura,35.1333,140.3,15.0,50,57,5.26,JP,1681349323
262,tommot,58.9564,126.2925,-1.57,85,100,2.38,RU,1681349510
263,maceio,-9.6658,-35.7353,26.69,78,0,2.57,BR,1681349343
264,eureka,40.8021,-124.1637,10.97,72,6,4.47,US,1681349510
265,gazimurskiy zavod,51.5461,118.3266,2.34,53,0,1.37,RU,1681349510
266,yeppoon,-23.1333,150.7333,31.88,45,0,5.01,AU,1681349336
267,lahad datu,5.0268,118.327,30.14,65,8,0.34,MY,1681349510
268,anloga,5.7947,0.8973,27.88,81,34,4.71,GH,1681349511
269,zhezkazgan,47.8043,67.7144,2.99,60,0,5.0,KZ,1681349456
270,keti bandar,24.1447,67.4497,26.06,75,84,6.84,PK,1681349511
271,half moon bay,37.4636,-122.4286,15.85,64,0,10.29,US,1681349338
272,alyangula,-13.8483,136.4192,30.57,63,81,1.89,AU,1681349511
273,narsaq,60.9167,-46.05,1.12,81,100,1.77,GL,1681349392
274,hochst,47.4593,9.6405,7.98,88,100,1.03,AT,1681349512
275,sterling,39.0062,-77.4286,21.8,47,0,2.57,US,1681349512
276,chapada dos guimaraes,-15.4606,-55.7497,22.81,82,99,1.97,BR,1681349512
277,castelnaudary,43.3183,1.9545,8.3,88,17,0.89,FR,1681349512
278,mweka,-4.85,21.5667,19.47,99,99,0.93,CD,1681349512
279,spencer,43.1414,-95.1444,27.02,35,0,5.14,US,1681349512
280,sungaipenuh,-2.0833,101.3833,24.41,65,87,0.53,ID,1681349458
281,port arthur,38.8,121.2667,17.12,63,100,6.05,CN,1681349447
282,arraial do cabo,-22.9661,-42.0278,24.16,86,100,8.17,BR,1681349385
283,thai binh,20.45,106.3333,25.74,90,99,6.44,VN,1681349513
284,kisaran,2.9845,99.6158,28.49,75,57,1.95,ID,1681349513
285,urumqi,43.801,87.6005,7.53,66,0,3.0,CN,1681349513
286,san ignacio,17.1561,-89.0714,27.08,69,0,1.54,BZ,1681349335
287,yichun,47.7,128.9,6.1,35,51,4.79,CN,1681349514
288,mezen,65.8522,44.24,-18.72,85,2,2.03,RU,1681349514
289,airai,-8.9266,125.4092,22.25,68,21,0.42,TL,1681349393
290,ponta do sol,32.6667,-17.1,17.62,75,9,3.33,PT,1681349336
291,riachao,-7.3619,-46.6172,25.28,70,94,1.47,BR,1681349514
292,necochea,-38.5473,-58.7368,11.58,63,63,7.3,AR,1681349411
293,shiraz,29.6036,52.5388,15.69,44,75,3.09,IR,1681349514
294,medea,36.2642,2.7539,11.41,34,30,2.48,DZ,1681349515
295,kilindoni,-7.9139,39.6668,26.8,79,86,2.57,TZ,1681349234
296,evensk,61.95,159.2333,-9.92,65,0,0.9,RU,1681349303
297,ha tinh,18.3333,105.9,26.55,87,97,2.06,VN,1681349281
298,mpongwe,-13.5091,28.155,17.41,93,100,1.91,ZM,1681349515
299,chongoyape,-6.6406,-79.3892,25.59,84,100,0.85,PE,1681349515
300,juneau,58.3019,-134.4197,4.56,94,100,8.75,US,1681349144
301,mineral wells,32.8085,-98.1128,21.11,40,0,3.6,US,1681349516
302,sitka,57.0531,-135.33,4.94,75,100,6.17,US,1681349387
303,san cristobal,7.7669,-72.225,24.1,94,100,1.27,VE,1681349380
304,alofi,-19.0595,-169.9187,28.94,65,75,6.69,NU,1681349379
305,puerto varas,-41.3195,-72.9854,9.12,100,100,1.03,CL,1681349517
306,komsomolskiy,40.4272,71.7189,11.4,82,80,4.12,UZ,1681349384
307,nagato,34.3833,131.2,17.8,38,0,0.36,JP,1681349517
308,azanja,44.4339,20.8759,4.82,80,96,2.21,RS,1681349517
309,vawkavysk,53.1561,24.4513,8.25,95,100,3.36,BY,1681349518
310,buala,-8.145,159.5921,26.79,81,95,1.53,SB,1681349518
311,bahile,9.9995,118.7878,29.93,64,99,2.41,PH,1681349518
312,riyadh,24.6877,46.7219,20.08,65,100,4.86,SA,1681349518
313,monrovia,6.3005,-10.7969,26.99,85,19,2.92,LR,1681349518
314,nishihara,26.1842,127.7558,24.6,71,75,8.23,JP,1681349349
315,cabo san lucas,22.8909,-109.9124,26.61,60,40,6.17,MX,1681349275
316,paithan,19.4833,75.3833,30.56,28,66,2.54,IN,1681349519
317,saint-paul,-21.0096,55.2707,25.06,92,3,0.89,RE,1681349519
318,lunenburg,44.3835,-64.3155,9.16,63,100,6.17,CA,1681349420
319,navolato,24.7672,-107.6944,27.1,53,58,2.36,MX,1681349520
320,dikson,73.5069,80.5464,-21.77,92,24,8.28,RU,1681349302
321,zhangye,38.9342,100.4517,10.07,45,100,0.73,CN,1681349520
322,namatanai,-3.6667,152.4333,27.41,79,100,5.92,PG,1681349461
323,vanimo,-2.6741,141.3028,29.15,68,78,2.04,PG,1681349520
324,tabou,4.423,-7.3528,26.45,86,6,2.84,CI,1681349521
325,bethanien,-26.502,17.1583,15.22,24,6,1.95,NA,1681349521
326,panalingaan,8.7842,117.4231,29.11,71,59,2.29,PH,1681349521
327,san jose,37.3394,-121.895,15.67,49,20,7.6,US,1681349305
328,paamiut,61.994,-49.6678,0.22,71,87,2.16,GL,1681349521
329,pitea,65.3172,21.4794,-0.95,95,100,4.44,SE,1681349521
330,tsurugi,36.45,136.6333,19.06,29,1,2.84,JP,1681349522
331,sokol,59.4617,40.1206,0.38,81,100,5.03,RU,1681349522
332,santarem,-2.4431,-54.7083,24.07,94,0,1.03,BR,1681349522
333,wiwili,13.6268,-85.8254,23.91,47,36,1.86,NI,1681349523
334,bjornevatn,69.6672,29.9847,-2.21,73,9,5.66,NO,1681349523
335,yerbogachen,61.2767,108.0108,-7.36,86,100,3.65,RU,1681349523
336,salalah,17.0151,54.0924,27.05,78,40,1.54,OM,1681349325
337,hargeysa,9.56,44.065,20.81,71,90,4.16,SO,1681349524
338,arman,59.7,150.1667,-1.1,67,2,0.51,RU,1681349524
339,madison,34.7334,-86.5667,18.39,52,0,0.0,US,1681349524
340,inhambane,-23.865,35.3833,21.15,72,0,1.99,MZ,1681349524
341,victoria,22.2855,114.1577,24.98,84,100,1.34,HK,1681349356
342,malartic,48.1335,-78.1328,9.06,95,100,2.6,CA,1681349305
343,ribeira grande,38.5167,-28.7,16.54,94,92,3.58,PT,1681349310
344,filadelfia,39.9523,-75.1638,25.14,40,0,4.12,US,1681349267
345,bandarbeyla,9.4942,50.8122,27.1,78,49,2.28,SO,1681349460
346,waipawa,-41.4122,175.5153,15.34,76,46,3.62,NZ,1681349525
347,copperas cove,31.1241,-97.9031,20.6,51,0,4.12,US,1681349526
348,saint-philippe,-21.3585,55.7679,24.77,83,34,0.44,RE,1681349344
349,havelock,34.8791,-76.9013,17.75,61,0,4.12,US,1681349317
350,port hedland,-20.3167,118.5667,26.03,100,75,3.6,AU,1681349331
351,nantucket,41.2835,-70.0995,13.41,62,77,1.45,US,1681349526
352,enumclaw,47.2043,-121.9915,11.3,52,34,1.1,US,1681349515
353,yanam,16.7333,82.2167,29.64,54,0,1.62,IN,1681349527
354,asyut,27.181,31.1837,14.1,34,0,2.23,EG,1681349527
355,coquimbo,-29.9533,-71.3436,14.85,94,20,1.03,CL,1681349291
356,dekar,-21.5333,21.9333,18.92,42,0,3.86,BW,1681349527
357,williams lake,52.1415,-122.1445,4.76,75,75,2.57,CA,1681349528
358,salta,-24.7859,-65.4117,20.88,85,75,3.09,AR,1681349343
359,praia da vitoria,38.7333,-27.0667,16.14,88,20,3.3,PT,1681349528
360,bilma,18.6853,12.9164,21.26,12,0,3.85,NE,1681349528
361,amapa,1.0,-52.0,22.59,98,89,1.05,BR,1681349528
362,iqaluit,63.7506,-68.5145,-9.15,73,75,0.0,CA,1681349055
363,sisimiut,66.9395,-53.6735,-5.76,90,97,2.76,GL,1681349366
364,high level,58.5169,-117.136,9.06,37,20,3.09,CA,1681349411
365,shimoda,34.6667,138.95,16.72,70,49,5.29,JP,1681349359
366,beloha,-25.1667,45.05,20.54,92,33,2.57,MG,1681349529
367,wufeng,27.45,104.8333,17.1,72,43,1.5,CN,1681349529
368,muli,2.9167,73.5667,28.06,76,15,3.87,MV,1681349529
369,cocorit,27.5833,-109.9667,26.19,24,100,3.43,MX,1681349530
370,parksville,49.3163,-124.3195,13.38,51,29,5.14,CA,1681349480
371,tuatapere,-46.1333,167.6833,13.4,82,91,3.98,NZ,1681349325
372,naze,28.3667,129.4833,21.51,67,0,6.09,JP,1681349530
373,porto walter,-8.2686,-72.7439,23.51,92,92,0.83,BR,1681349530
374,myitkyina,25.3833,97.4,29.03,23,0,1.0,MM,1681349530
375,nioro,13.35,-15.75,27.97,44,87,4.46,GM,1681349531
376,kosa,59.9445,54.9977,-0.04,98,100,2.77,RU,1681349531
377,bolobo,-2.1667,16.2333,22.49,89,100,0.83,CD,1681349531
378,kidal,18.4411,1.4078,28.79,9,93,2.2,ML,1681349532
379,ostrovnoy,68.0531,39.5131,-10.25,93,100,2.88,RU,1681349375
380,pathalgaon,22.5667,83.4667,30.1,15,7,0.7,IN,1681349532
381,santa maria,-29.6842,-53.8069,21.61,83,75,0.0,BR,1681349532
382,kargil,34.5667,76.1,-3.3,64,16,0.88,IN,1681349532
383,tabuk,17.4189,121.4443,29.37,70,87,1.01,PH,1681349532
384,abnub,27.2696,31.1511,14.12,34,0,2.24,EG,1681349533
385,lerwick,60.1545,-1.1494,6.0,84,24,7.23,GB,1681349533
386,lagoa,39.05,-27.9833,15.12,90,65,5.66,PT,1681349318
387,deputatskiy,69.3,139.9,-14.96,75,3,0.86,RU,1681349364
388,kallithea,37.95,23.7,15.38,62,20,1.34,GR,1681349534
389,santa marta,11.2408,-74.199,29.03,70,40,6.69,CO,1681349306
390,santa ines,-3.6667,-45.38,23.84,95,81,1.5,BR,1681349534
391,hattiesburg,31.3271,-89.2903,18.27,78,100,2.57,US,1681349415
392,oranjemund,-28.55,16.4333,12.94,89,15,2.3,NA,1681349399
393,baghdad,33.3406,44.4009,13.95,77,0,3.09,IQ,1681349535
394,araouane,18.9048,-3.5265,25.72,10,72,3.46,ML,1681349535
395,yasnogorsk,54.4803,37.6975,7.63,59,100,4.55,RU,1681349535
396,gat,31.61,34.7642,12.38,100,100,5.84,IL,1681349535
397,lubango,-14.9172,13.4925,15.92,94,75,1.54,AO,1681349536
398,bintulu,3.1667,113.0333,29.23,84,40,1.03,MY,1681349536
399,vestmanna,62.1564,-7.1664,5.51,81,75,3.6,FO,1681349468
400,saldanha,-33.0117,17.9442,15.03,78,100,1.92,ZA,1681349382
401,great bend,38.3645,-98.7648,25.07,38,0,10.29,US,1681349537
402,sao joao da barra,-21.6403,-41.0511,24.36,84,100,3.96,BR,1681349372
403,kuito,-12.3833,16.9333,14.47,98,100,1.36,AO,1681349537
404,la ronge,55.1001,-105.2842,7.14,36,75,3.09,CA,1681349439
405,sao felix do xingu,-6.6447,-51.995,22.11,97,57,0.35,BR,1681349538
406,bellavista,-7.0561,-76.5911,22.54,96,89,0.39,PE,1681349538
407,aykhal,66.0,111.5,-15.1,76,9,4.1,RU,1681349219
408,isangel,-19.55,169.2667,29.82,66,69,2.8,VU,1681349472
409,trofors,65.5333,13.4063,6.93,98,99,3.27,NO,1681349539
410,caravelas,-17.7125,-39.2481,24.2,88,100,1.32,BR,1681349346
411,babstovo,48.1167,132.4833,3.21,61,98,3.65,RU,1681349540
412,sola,-13.8833,167.55,28.46,74,91,3.73,VU,1681349397
413,matagalpa,12.9256,-85.9175,22.19,45,48,2.58,NI,1681349540
414,bor,56.3567,44.0669,1.96,59,39,1.41,RU,1681349541
415,tiksi,71.6872,128.8694,-21.05,99,97,2.16,RU,1681349310
416,tura,25.5198,90.2201,29.18,24,0,1.46,IN,1681349541
417,taree,-31.9,152.4667,21.79,66,64,3.92,AU,1681349542
418,pecos,31.4229,-103.4932,28.5,20,0,10.29,US,1681349381
419,gimli,50.6336,-96.9907,10.01,53,98,4.12,CA,1681349308
420,sokolo,14.7328,-6.1219,29.25,12,95,5.87,ML,1681349542
421,loreto,22.2667,-101.9667,22.64,23,87,2.57,MX,1681349380
422,east london,-33.0153,27.9116,20.03,60,100,4.06,ZA,1681349340
423,victoria point,-27.5833,153.3,29.89,33,0,1.34,AU,1681349543
424,waitati,-45.75,170.5667,12.67,87,100,2.87,NZ,1681349543
425,laguna,38.421,-121.4238,19.11,37,0,5.14,US,1681349424
426,praia,14.9215,-23.5087,22.3,78,40,3.6,CV,1681349544
427,kismayo,-0.3582,42.5454,27.43,75,99,4.16,SO,1681349544
428,valdepenas,38.7621,-3.3848,8.8,90,16,2.63,ES,1681349544
429,troitsko-pechorsk,62.7084,56.1964,-15.39,92,100,4.67,RU,1681349341
430,shumskiy,54.8318,99.1328,-0.02,37,47,2.29,RU,1681349545
431,atambua,-9.1061,124.8925,27.74,72,43,1.84,ID,1681349545
432,almeirim,-1.5233,-52.5817,23.23,97,43,1.03,BR,1681349545
433,sur,22.5667,59.5289,27.6,56,0,3.06,OM,1681349545
434,dedza,-14.3779,34.3332,13.65,98,100,1.18,MW,1681349545
435,kloulklubed,7.0419,134.2556,29.28,78,85,4.12,PW,1681349361
436,del rio,29.3627,-100.8968,28.06,29,0,5.14,US,1681349546
437,saint george,37.1041,-113.5841,25.33,18,0,5.14,US,1681349422
438,north bend,43.4065,-124.2243,8.95,66,0,4.12,US,1681349546
439,atchison,39.563,-95.1216,23.0,61,2,6.8,US,1681349546
440,ilhabela,-23.7781,-45.3581,22.23,87,3,1.61,BR,1681349547
441,avanigadda,16.0215,80.9181,30.15,58,0,2.46,IN,1681349547
442,scarborough,54.2797,-0.4044,4.88,87,13,1.34,GB,1681349463
443,pangkalanbuun,-2.6833,111.6167,29.97,64,99,2.6,ID,1681349548
444,olga,43.7444,135.2892,11.08,26,29,4.76,RU,1681349548
445,gobabis,-22.45,18.9667,18.8,28,52,2.64,NA,1681349548
446,gisborne,-38.6533,178.0042,18.84,70,35,4.69,NZ,1681349548
447,sawakin,19.1059,37.3321,23.44,63,5,6.85,SD,1681349549
448,emerald,-23.5333,148.1667,30.75,29,0,2.83,AU,1681349133
449,nakonde,-9.3421,32.745,15.05,98,100,1.62,ZM,1681349549
450,synya,65.3718,58.0387,-21.69,94,20,4.5,RU,1681349549
451,road town,18.4167,-64.6167,26.05,73,20,1.54,VG,1681349214
452,camacha,33.0833,-16.3333,15.68,72,20,3.6,PT,1681349550
453,hobyo,5.3505,48.5268,27.58,76,100,3.48,SO,1681349470
454,cozumel,20.5083,-86.9458,27.75,75,40,2.57,MX,1681349335
455,merauke,-8.4667,140.3333,27.36,78,100,2.6,ID,1681349551
456,san-pedro,4.7485,-6.6363,26.22,88,13,3.16,CI,1681349551
457,perleberg,53.0667,11.8667,6.03,88,22,3.33,DE,1681349551
458,bichura,50.5881,107.6022,-2.2,77,100,5.37,RU,1681349551
459,kampong thum,12.7111,104.8887,33.53,48,100,5.42,KH,1681349552
460,codo,-4.4553,-43.8856,24.14,86,90,1.2,BR,1681349552
461,severo-kurilsk,50.6789,156.125,0.06,97,100,11.8,RU,1681349552
462,iskateley,67.6803,53.1512,-25.43,100,47,1.71,RU,1681349552
463,atar,20.5169,-13.0499,24.9,56,10,1.61,MR,1681349553
464,zunheboto,25.9667,94.5167,23.55,22,0,0.51,IN,1681349553
465,rivadavia,-33.1905,-68.4608,13.84,55,100,6.54,AR,1681349346
466,hastings,50.8552,0.5729,8.21,36,100,11.76,GB,1681349553
467,cockburn town,21.4612,-71.1419,24.98,78,40,4.12,TC,1681349060
468,mamallapuram,12.6264,80.1722,27.25,63,0,3.37,IN,1681349554
469,orlik,52.5178,99.825,-10.01,64,6,1.77,RU,1681349554
470,awbari,26.5921,12.7805,16.6,15,73,4.17,LY,1681349554
471,lamu,-2.2717,40.902,27.12,76,49,2.98,KE,1681349554
472,touros,-5.1989,-35.4608,24.93,90,39,5.34,BR,1681349367
473,porto novo,6.4965,2.6036,26.97,84,68,2.65,BJ,1681349554
474,san felipe,10.3399,-68.7425,21.78,94,100,1.8,VE,1681349555
475,ballina,-28.8667,153.5667,25.43,38,22,5.59,AU,1681349555
476,jasper,37.2001,-94.3502,20.03,40,0,3.6,US,1681349555
477,muroto,33.2833,134.15,15.36,65,48,2.19,JP,1681349555
478,biak,-0.9131,122.8766,28.09,71,100,0.64,ID,1681349302
479,tazovskiy,67.4667,78.7,-16.44,94,100,7.18,RU,1681349556
480,novikovo,51.1537,37.8879,8.09,89,100,4.46,RU,1681349556
481,broome,42.2506,-75.833,19.23,55,0,3.86,US,1681349361
482,wamba,8.9333,8.6,26.2,55,12,0.99,NG,1681349556
483,walvis bay,-22.9575,14.5053,14.54,84,0,1.42,NA,1681349556
484,paka,4.6374,103.4368,27.96,89,20,0.0,MY,1681349557
485,honiara,-9.4333,159.95,29.48,70,41,2.05,SB,1681349362
486,nanortalik,60.1432,-45.2371,0.48,89,100,2.01,GL,1681349557
487,saint-denis,48.9167,2.3333,8.43,75,75,9.77,FR,1681349557
488,huarmey,-10.0681,-78.1522,24.95,80,100,3.62,PE,1681349458
489,oussouye,12.485,-16.5469,24.1,69,87,4.26,SN,1681349558
490,carmarthen,51.8555,-4.3054,7.96,71,20,10.8,GB,1681349558
491,mujiayingzi,42.1167,118.7833,15.36,18,67,4.5,CN,1681349558
492,grindavik,63.8424,-22.4338,1.26,86,0,3.6,IS,1681349369
493,tyukalinsk,55.8732,72.1967,2.53,76,16,3.79,RU,1681349558
494,san luis,-33.295,-66.3356,11.55,73,100,8.91,AR,1681349558
495,illela,13.7292,5.2975,26.94,12,38,5.68,NG,1681349559
496,hay river,60.8156,-115.7999,-4.01,68,20,4.12,CA,1681349559
497,marawi,7.9986,124.2928,28.31,50,1,0.86,PH,1681349559
498,panaba,21.2833,-88.2667,22.43,76,7,1.46,MX,1681349559
499,tongren,27.7172,109.1853,19.92,94,100,0.15,CN,1681349559
500,anadyr,64.75,177.4833,-18.72,71,0,4.0,RU,1681349414
501,kaseda,31.4167,130.3167,19.03,60,64,0.59,JP,1681349560
502,tecuala,22.3986,-105.4569,20.99,66,48,1.5,MX,1681349461
503,ngama,11.7833,17.1667,26.05,15,5,5.75,TD,1681349561
504,standerton,-26.9337,29.2415,10.89,84,95,1.59,ZA,1681349561
505,zharkent,44.1628,80.0,11.01,48,100,5.66,KZ,1681349561
506,cayenne,4.9333,-52.3333,25.02,94,75,1.54,GF,1681349408
507,markova,48.6758,24.4138,2.45,90,16,2.06,UA,1681349562
508,narrabri,-30.3167,149.7833,20.29,61,6,0.45,AU,1681349562
509,san antonio,29.4241,-98.4936,23.06,41,0,4.63,US,1681349464
510,adrar,20.5022,-10.0711,23.76,41,84,2.93,MR,1681349563
511,conchas,-23.0153,-48.0106,19.59,92,0,0.72,BR,1681349563
512,petrokamenskoye,57.716,60.6484,2.16,86,23,2.35,RU,1681349563
513,sakakah,29.9697,40.2064,11.76,57,0,5.42,SA,1681349563
514,cherskiy,68.75,161.3,-16.99,85,100,1.86,RU,1681349324
515,la tuque,47.4334,-72.7824,5.14,60,69,1.03,CA,1681349564
516,bathurst,-33.4166,149.5806,17.2,69,60,2.24,AU,1681349418
517,hovd,48.0056,91.6419,-3.83,50,15,0.81,MN,1681349564
518,labuhan,-6.8844,112.2051,27.8,77,100,2.3,ID,1681349564
519,edson,53.5835,-116.4356,5.08,52,20,4.63,CA,1681349564
520,wana,32.2989,69.5725,19.62,38,0,1.72,PK,1681349564
521,sweetwater,25.7634,-80.3731,22.79,97,40,3.6,US,1681349565
522,soyo,-6.1349,12.3689,24.77,83,100,2.12,AO,1681349565
523,fort nelson,58.8053,-122.7002,11.77,14,20,0.0,CA,1681349389
524,sanghar,26.0466,68.9481,28.9,24,96,0.81,PK,1681349565
525,apac,1.9756,32.5386,18.46,92,100,0.9,UG,1681349565
526,lasa,46.6166,10.7002,6.68,98,100,1.49,IT,1681349566
527,cassilandia,-19.1133,-51.7342,21.25,90,100,0.17,BR,1681349566
528,arys,42.4252,68.795,14.66,58,84,3.83,KZ,1681349566
529,puerto escondido,15.85,-97.0667,29.46,61,40,3.6,MX,1681349299
530,vuktyl,63.8567,57.3094,-16.1,82,96,5.12,RU,1681349567
531,olinda,-8.0089,-34.8553,26.85,78,40,4.12,BR,1681349444
532,sistranda,63.7256,8.834,7.98,79,70,13.64,NO,1681349567
533,norman wells,65.282,-126.8329,2.02,55,100,3.09,CA,1681349320
534,rujewa,-8.7,34.3833,17.69,90,42,2.31,TZ,1681349275
535,kasempa,-13.4584,25.8338,17.13,98,100,2.46,ZM,1681349568
536,ruston,32.5232,-92.6379,16.99,100,0,0.0,US,1681349534
537,souris,49.6172,-100.2612,5.92,69,84,3.44,CA,1681349568
538,nizhniy ingash,56.2,96.53,0.17,52,81,5.28,RU,1681349568
539,kodinsk,58.6881,99.1844,-2.86,78,99,5.23,RU,1681349568
540,yakima,46.4665,-120.6678,11.96,32,0,9.77,US,1681349318
541,moravita,45.2558,21.2703,1.02,100,97,1.03,RO,1681349569
542,kungsbacka,57.4872,12.0761,7.32,76,100,5.36,SE,1681349569
543,saint-joseph,-21.3667,55.6167,24.21,83,15,0.66,RE,1681349569
544,beringovskiy,63.05,179.3167,-15.42,84,100,5.05,RU,1681349349
545,umm kaddadah,13.6017,26.6876,22.4,19,83,9.43,SD,1681349570
546,taki,22.5861,88.9214,29.97,33,0,1.75,IN,1681349308
547,tautira,-17.7333,-149.15,26.84,74,17,5.41,PF,1681349570
548,natal,-5.795,-35.2094,26.36,88,75,3.09,BR,1681348874
549,abbeville,50.1,1.8333,9.98,86,100,10.97,FR,1681349570
550,ocos,14.5094,-92.1933,29.1,65,100,2.39,GT,1681349571
551,altay,47.8667,88.1167,-1.48,60,29,1.9,CN,1681349571
552,gigmoto,13.7796,124.39,28.23,73,100,4.43,PH,1681349571
553,hamilton,39.1834,-84.5333,20.47,48,0,2.57,US,1681349205
554,paita,-5.0892,-81.1144,26.89,78,87,5.06,PE,1681349572
555,okhotsk,59.3833,143.3,-4.63,76,19,1.1,RU,1681349573
556,sortland,68.6949,15.4162,6.98,75,19,2.22,NO,1681349573
557,egvekinot,66.3167,-179.1667,-15.53,74,100,1.51,RU,1681349440
558,ilo,-17.6394,-71.3375,21.08,83,47,1.44,PE,1681349573
559,amberieu-en-bugey,45.9589,5.3432,6.99,91,21,0.91,FR,1681349574
560,coahuayana,18.7333,-103.6833,22.26,75,62,0.88,MX,1681349574
561,brookings,44.3114,-96.7984,25.19,68,0,6.69,US,1681349574
562,honningsvag,70.9821,25.9704,-0.14,64,7,4.63,NO,1681349377
563,peniche,39.3558,-9.3811,13.39,63,95,9.42,PT,1681349443
564,hatillo,18.4863,-66.8254,26.96,87,9,1.34,PR,1681349574
